non_zero_amplitudes,sparse_latency_us,dense_estimate_us
1024,103.569570,6121227.328000
2048,219.148950,6121227.328000
4096,429.574730,6121227.328000
8192,864.719160,6121227.328000
16384,1852.717760,6121227.328000
32768,3513.644350,6121227.328000
65536,6992.201540,6121227.328000
131072,12881.897910,6121227.328000
262144,27485.349310,6121227.328000
524288,54298.326490,6121227.328000
1048576,110631.722150,6121227.328000
